stock_code,description,batch_number,expiry_date
amcr4x15,amila 4x15 outer carton port,320539,
amdc4x15x25g,amila generic display carton 4x15x25g,134218,
amdc4x15x25g,amila generic display carton 4x15x25g,135578,
amdc4x15x25g,amila generic display carton 4x15x25g,138506,
amigaces,acesulfame - k,202505251,24/05/2027
amigaces,acesulfame - k,25040301,02/04/2028
amigaces,acesulfame - k,25050401,03/05/2028
amigaces,acesulfame - k,25072401,23/07/2028
amigasco,ascorbic acid,1240122007,30/04/2028
amigasco,ascorbic acid,2250123014,31/05/2029
amigasco,ascorbic acid,3230143051,30/11/2027
amigasco,ascorbic acid,3240112151,01/01/2028
amigasco,ascorbic acid,3240112151,31/01/2028
amigasco,ascorbic acid,3240141105,30/09/2028
amigasco,ascorbic acid,3250113101,15/03/2029
amigaspa,aspartame,24082108,20/08/2027
amigaspa,aspartame,2410016RP,27/10/2027
amigaspa,aspartame,2506012RP,15/06/2028
amigaspa,aspartame,W25042018,19/04/2028
amigaspa,aspartame,W25072456,23/07/2028
amigbanaflav,banana flavour,050425 111910,05/04/2027
amigbanaflav,banana flavour,070224 108746,07/02/2026
amigbanaflav,banana flavour,101124 110883,10/11/2026
amigblaccc,blackcurrant colour c723/tf,ZS24020237,27/02/2026
amigblacflav,blackcurrant flavour,130425 111971,13/04/2027
amigblacflav,blackcurrant flavour,151124 110981,15/11/2026
amigblan,univisco blanose 1087,UNIV1087/03102024/01,03/10/2025
amigblan,univisco blanose 1087,UNIV1087/17032025/01,17/03/2026
amigblan,univisco blanose 1087,UNV1087/02092025/01,02/09/2026
amigblan,univisco blanose 1087,unv1087/05062025/01,05/06/2026
amigblan,univisco blanose 1087,UNV1087/07102025/01,07/10/2026
amigblan,univisco blanose 1087,UNV1087/12052025/01,12/05/2026
amigblan,univisco blanose 1087,UNV1087/25072025/01,25/07/2026
amigblatea,black tea extract,CHC-C-A402319,23/03/2027
amigblateaflav,Black Tea Flavour 592023 TP0904,1008514072,23/04/2027
amigbrown,brown th c622/s colour,CBHTY-2425/10,03/05/2029
amigbrown,brown th c622/s colour,Cbhty-2425/25,05/09/2029
amigcaram,caramel colour powder 606,001092,07/08/2027
amigcaram,caramel colour powder 606,001106,09/08/2027
amigcaram,caramel colour powder 606,005913,25/09/2027
amigcaram,caramel colour powder 606,013131,07/11/2027
amigcaram,caramel colour powder 606,050425 111923,05/04/2027
amigcaram,caramel colour powder 606,080625 112367,08/06/2027
amigcaram,caramel colour powder 606,080625 112368,08/06/2027
amigcaram,caramel colour powder 606,210625 112458,21/06/2027
amigcaram,caramel colour powder 606,210625 112459,21/06/2027
amigcaram,caramel colour powder 606,260525 112255,26/05/2027
amigcaram,caramel colour powder 606,260525 112256,26/05/2027
amigcarm,carmoisine c069/s,2425649,30/11/2027
amigcarm,carmoisine c069/s,2425649,01/11/2029
amigcarm,carmoisine c069/s,PCM26324,20/03/2031
amigcarm,carmoisine c069/s,RF03250018,31/01/2030
amigcarm,carmoisine c069/s,RF03250105,30/04/2030
amigcarm,carmoisine c069/s,RF03250107,30/04/2030
amigcloud,espray sd cloud - 07032008039SD,0017998737,06/03/2026
amigcloud,espray sd cloud - 07032008039SD,0018440220,08/07/2026
amigcloud,espray sd cloud - 07032008039SD,0018524678,15/08/2026
amigcloud,espray sd cloud - 07032008039SD,220225 111625,22/02/2027
amigdext,dextrose,20240625,24/06/2026
amigdext,dextrose,20240814,13/08/2026
amigdext,dextrose,20240907,06/09/2026
amigdext,dextrose,20240918,16/09/2026
amigdext,dextrose,20240918,17/09/2026
amigdext,dextrose,22505099,30/05/2029
amigdext,dextrose,LE2404-112M,21/04/2026
amigdext,dextrose,LE2404-151M,29/04/2026
amigdext,dextrose,le2404-15m,
amigdext,dextrose,LE2404-21M,05/04/2026
amigdext,dextrose,LE2405-141M,22/05/2026
amigdext,dextrose,LE2405-145M,22/05/2026
amigdext,dextrose,LE2405-14M,22/05/2026
amigdext,dextrose,LE2405-154M,23/05/2026
amigdext,dextrose,LE2405-16M,02/05/2026
amigdext,dextrose,LE2405-17M,02/05/2026
amigdext,dextrose,LE2410-03M,30/09/2026
amigdext,dextrose,LE2410-M03,30/09/2026
amigdext,dextrose,LE2412-89M,21/12/2026
amigdext,dextrose,LE2412-90M,21/12/2026
amigdext,dextrose,LE2412-91M,22/12/2026
amigdext,dextrose,LE2412-M89,21/12/2026
amigdext,dextrose,LE2502-40M,07/02/2027
amigdext,dextrose,LE2502-52M,12/02/2027
amigdext,dextrose,LE2502-53M,12/02/2027
amigdext,dextrose,LE2505-187M,25/05/2027
amigdext,dextrose,LE250-54M,12/07/2027
amigdext,dextrose,LE2507-50M,11/07/2027
amigdext,dextrose,LE2507-51M,11/07/2027
amigdext,dextrose,LE2507-54M,12/07/2027
amigdext,dextrose,LE2507-55M,12/07/2027
amigdext,dextrose,LE2507-56M,12/07/2027
amigdext,dextrose,LE2508-107M,19/08/2027
amigdext,dextrose,LE2508-47M,07/08/2027
amiggrandflav,Granadilla Flavour 01.01.0035.SD,290125 111439,28/01/2027
amiggrandflav,Granadilla Flavour 01.01.0035.SD,290125 111439,29/01/2027
amiglemflav,lemon flavour 051421,1008351561,07/08/2026
amiglemlimflav,Lemon & Lime Flavour 01.01.0015.SD,100924000000,10/09/2026
amigmangflav_1,sonaflo mango alphonso - 060521,24050677,10/12/2025
amigmangflav_1,sonaflo mango alphonso - 060521,24110476,15/10/2025
amigmangflav_2,Mango flavor Espray 01.A.02.0085.SD,002173,24/10/2027
amigmangflav_2,Mango flavor Espray 01.A.02.0085.SD,080425 111912,08/04/2027
amigmangflav_2,Mango flavor Espray 01.A.02.0085.SD,121124 110936,12/11/2026
amigmangflav_2,Mango flavor Espray 01.A.02.0085.SD,2271,18/11/2027
amignaarflav,naartjie flavour,120325 111727,12/09/2027
amignaarflav,naartjie flavour,120325 111727,12/03/2027
amigoranflav4,orange flavour - DOP 01.0071.SD,004707,19/09/2027
amigoranflav4,orange flavour - DOP 01.0071.SD,004707,17/09/2027
amigoranflav4,orange flavour - DOP 01.0071.SD,008988,24/10/2027
amigoranflav4,orange flavour - DOP 01.0071.SD,150725 112561,15/07/2027
amigoranflav4,orange flavour - DOP 01.0071.SD,290325 111863,29/03/2027
amigpassflav,passion fruit flavour,CJ0027-A20250415,15/04/2026
amigpeacflav,peach flavour,261024 110809,26/10/2026
amigpineflav,pineapple flavour pr-754-041-1,DU00935754,24/09/2026
amigpineflav,pineapple flavour pr-754-041-1,DU00964919,29/07/2027
amigquin,quinolene yellow c089/s,290125 111439,29/01/2027
amigquin,quinolene yellow c089/s,QY-2425/12,01/12/2029
amigquin,quinolene yellow c089/s,qy2425/7,
amigquin,quinolene yellow c089/s,QY-2425/7,05/09/2029
amigquin,quinolene yellow c089/s,RD02026594,13/05/2030
amigquin,quinolene yellow c089/s,RD02250037,30/04/2030
amigquin,quinolene yellow c089/s,SDF/A107/23,30/08/2026
amigquin,quinolene yellow c089/s,SDF/A107/23,01/08/2026
amigrasbflav,Raspberry Flavour - DOP 01.0032.SD,013141,10/11/2027
amigrasbflav,Raspberry Flavour - DOP 01.0032.SD,090425 111909,09/04/2027
amigrasbflav,Raspberry Flavour - DOP 01.0032.SD,100725 112554,10/07/2027
amigstraflav,Strawberry Flavour 01.02.0029.SD,090425 111906,09/04/2027
amigstraflav,Strawberry Flavour 01.02.0029.SD,161024 110726,16/10/2026
amigtric,tricalcium phosphate,24090501,04/09/2026
amigtric,tricalcium phosphate,25022801,27/02/2027
amigtric,tricalcium phosphate,3240920,19/09/2026
amigtris,trisodium citrate,65T2402041,28/02/2027
amigtris,trisodium citrate,65T2407005,31/07/2027
amigtris,trisodium citrate,65T2506025,30/06/2028
amigtris,trisodium citrate,6ST2402019,28/02/2027
amigtris,trisodium citrate,6ST2402041,28/02/2027
amigtris,trisodium citrate,6ST2406005,30/06/2027
amigtris,trisodium citrate,6ST2407005,30/07/2027
amigtris,trisodium citrate,6ST2407034,30/07/2027
amigtris,trisodium citrate,6ST2407034,29/07/2027
amigtris,trisodium citrate,6ST2409028,11/09/2027
amigtris,trisodium citrate,6ST2409028,12/09/2027
amigtris,trisodium citrate,6ST2409028,30/09/2027
amigtris,trisodium citrate,6ST2506025,30/06/2028
amigtropflav,tropical flavour 508328 ap1104,1008235376,20/12/2025
amigtropflav,tropical flavour 508328 ap1104,1008527049,24/04/2026
amigvitpre_2,"Vitamin premix A,B1,B2",201110,14/05/2026
amigvitprem,univit 5206a,25G065,30/06/2026
amigxant,xanthan gum 80,202411A-N10,12/11/2026
amigxant,xanthan gum 80,202412A-G19,17/12/2026
amigxant,xanthan gum 80,520241000000,04/05/2026
amigxant,xanthan gum 80,HH202406080011,31/05/2026
amlemstk,amila lemon sticker 25kg,14493,
ammanstk,amila mango sticker 25kg,5836,
ampinestk,amila pineapple sticker 25kg,20882,
amrlfrucoc15*25,amila 25g fruit cocktail,220593,30/06/2025
amrlmanapp15*25,amila 25g mango apricot,220589,30/06/2025
amrlmixber15*25,amila 25g mixed berry,220592,30/06/2025
amrloran15*25,amila 25g orange,217764,
amrloran15*25,amila 25g orange,220590,30/06/2025
amrlorannaa15*25,amila 25g orange naartji,217763,
amrlorannaa15*25,amila 25g orange naartji,220591,30/06/2025
amrlpass15*25,amila 25g passion fruit,218401,
amrlpass15*25,amila 25g passion fruit,220594,30/06/2025
amrlstrban15*25,amila 25g strawberry banana,217765,
amrlstrban15*25,amila 25g strawberry banana,220588,30/06/2025
amtropstk,amila tropical sticker 25kg,20882,
bulkbag25kg,bulk foil bags 25kg,24201099,
bulkbag25kg,bulk foil bags 25kg,24202741,
bulkpapbag25kg,bulk paper bags 25kg,po-8319,
bulkpapbag25kg,bulk paper bags 25kg,Po-8387,
cbcn1800gtri10%b9,cowbell can 1800g tri language 10%b9 (CFF358)MALDA-0096,CM14043,
cbcn1800gtri10%b9,cowbell can 1800g tri language 10%b9 (CFF358)MALDA-0096,CM14756,
cbcn1800gtri10%b9,cowbell can 1800g tri language 10%b9 (CFF358)MALDA-0096,CM15065,
cbcn1800gtri10%b9,cowbell can 1800g tri language 10%b9 (CFF358)MALDA-0096,CM15465,
cbcn1800gtri10%b9,cowbell can 1800g tri language 10%b9 (CFF358)MALDA-0096,CM15466,
cbcn2500tri10%b9216m,cowbell can 2500g tri language 10%b9 (cv185)216mm,JC021553,
cbcn2500tri10%b9216m,cowbell can 2500g tri language 10%b9 (cv185)216mm,JC021892,
cbcn2500tri10%b9216m,cowbell can 2500g tri language 10%b9 (cv185)216mm,JC021906,
cbcn2500tri10%b9216m,cowbell can 2500g tri language 10%b9 (cv185)216mm,JC021908,
cbcn2500tri10%b9216m,cowbell can 2500g tri language 10%b9 (cv185)216mm,JC021929,
cbcn2500tri10%b9216m,cowbell can 2500g tri language 10%b9 (cv185)216mm,JC021932,
cbcn2500tri10%b9216m,cowbell can 2500g tri language 10%b9 (cv185)216mm,JC021933,
cbcn2500tri10%b9216m,cowbell can 2500g tri language 10%b9 (cv185)216mm,JC021935,
cbcn2500tri10%b9216m,cowbell can 2500g tri language 10%b9 (cv185)216mm,JC021936,
cbcn2500tri10%b9216m,cowbell can 2500g tri language 10%b9 (cv185)216mm,JC021953,
cbcn2500tri10%b9216m,cowbell can 2500g tri language 10%b9 (cv185)216mm,JC021954,
cbcn2500tri10%b9216m,cowbell can 2500g tri language 10%b9 (cv185)216mm,JC021955,
cbcn2500tri10%b9216m,cowbell can 2500g tri language 10%b9 (cv185)216mm,JC021956,
cbcn2500tri10%b9216m,cowbell can 2500g tri language 10%b9 (cv185)216mm,JC021989,
cbcn2500tri10%b9216m,cowbell can 2500g tri language 10%b9 (cv185)216mm,JC022010,
cbcn250gfe10%b9,cowbell can 250g 10% b9 french/eng  (maldap-0099),CM13318,
cbcn250gfe10%b9,cowbell can 250g 10% b9 french/eng  (maldap-0099),CM13876,
cbcn400gfe10%b9,cowbell can 400g french english 10%b9 (CFF360)MALDA-0094,CM14761,
cbcn400gfe10%b9,cowbell can 400g french english 10%b9 (CFF360)MALDA-0094,CM15075,
cbcn400gfe10%b9,cowbell can 400g french english 10%b9 (CFF360)MALDA-0094,CM15106,
cbcn400gfe10%b9,cowbell can 400g french english 10%b9 (CFF360)MALDA-0094,CM15113,
cbcn400gfe10%b9,cowbell can 400g french english 10%b9 (CFF360)MALDA-0094,CM15119,
cbcn400gfe10%b9,cowbell can 400g french english 10%b9 (CFF360)MALDA-0094,CM15588,
cbcn400gfe10%b9,cowbell can 400g french english 10%b9 (CFF360)MALDA-0094,CM15589,
cbcn900gtr10%b9,cowbell can 900g tri language 10% B9(CFF361)MALDA-0095,CM14002,
cbcn900gtr10%b9,cowbell can 900g tri language 10% B9(CFF361)MALDA-0095,CM14128,
cbcn900gtr10%b9,cowbell can 900g tri language 10% B9(CFF361)MALDA-0095,CM14661,
cbcn900gtr10%b9,cowbell can 900g tri language 10% B9(CFF361)MALDA-0095,CM14915,
cbcn900gtr10%b9,cowbell can 900g tri language 10% B9(CFF361)MALDA-0095,CM15262,
cbcn900gtr10%b9,cowbell can 900g tri language 10% B9(CFF361)MALDA-0095,CM15263,
cbcn900gtr10%b9,cowbell can 900g tri language 10% B9(CFF361)MALDA-0095,CM15574,
cbcn900gtr10%b9,cowbell can 900g tri language 10% B9(CFF361)MALDA-0095,CM15575,
cbcn900gtr10%b9,cowbell can 900g tri language 10% B9(CFF361)MALDA-0095,CM15576,
cbcr120/150tri,cowbell corro120/150 tri - 447x255x124(CFF377),739608,
cbcr15g300,cowbell 15gx300 fep,741735,
cbcr1800gtri,cowbell corro 6x1800g tri language (CFF373),735379,
cbcr1800gtri,cowbell corro 6x1800g tri language (CFF373),738432,
cbcr1800gtri,cowbell corro 6x1800g tri language (CFF373),739694,
cbcr1800gtri,cowbell corro 6x1800g tri language (CFF373),740785,
cbcr1800gtri,cowbell corro 6x1800g tri language (CFF373),741038,
cbcr1800gtri,cowbell corro 6x1800g tri language (CFF373),744061,
cbcr1800gtri,cowbell corro 6x1800g tri language (CFF373),745027,
cbcr200gx24e,cowbell corro 200gx24 english 359 x 262 x 169mm (CFF379),735282,
cbcr200gx24e,cowbell corro 200gx24 english 359 x 262 x 169mm (CFF379),742989,
cbcr24x400ge,cowbell 24x400g eng (eur186686),838910,
cbcr2500trilg,cowbell corro 6x2500g tri language (ccv224),739695,
cbcr2500trilg,cowbell corro 6x2500g tri language (ccv224),740783,
cbcr2500trilg,cowbell corro 6x2500g tri language (ccv224),745028,
cbcr250gfe,cowbell corro 250g french/eng CFF369,723244,
cbcr250gfe,cowbell corro 250g french/eng CFF369,734303,
cbcr250gfe,cowbell corro 250g french/eng CFF369,739426,
cbcr300tri,Cowbell Corro 300 french 398x228x164 (CFF380),727658,
cbcr300tri,Cowbell Corro 300 french 398x228x164 (CFF380),735274,
cbcr300tri,Cowbell Corro 300 french 398x228x164 (CFF380),735275,
cbcr300tri,Cowbell Corro 300 french 398x228x164 (CFF380),735276,
cbcr300tri,Cowbell Corro 300 french 398x228x164 (CFF380),735376,
cbcr300tri,Cowbell Corro 300 french 398x228x164 (CFF380),735711,
cbcr300tri,Cowbell Corro 300 french 398x228x164 (CFF380),736457,
cbcr300tri,Cowbell Corro 300 french 398x228x164 (CFF380),736458,
cbcr300tri,Cowbell Corro 300 french 398x228x164 (CFF380),736463,
cbcr300tri,Cowbell Corro 300 french 398x228x164 (CFF380),737015,
cbcr300tri,Cowbell Corro 300 french 398x228x164 (CFF380),739427,04/08/2025
cbcr300tri,Cowbell Corro 300 french 398x228x164 (CFF380),814830,
cbcr300tri,Cowbell Corro 300 french 398x228x164 (CFF380),815739,
cbcr300tri,Cowbell Corro 300 french 398x228x164 (CFF380),817395,
cbcr300tri,Cowbell Corro 300 french 398x228x164 (CFF380),817396,
cbcr300tri,Cowbell Corro 300 french 398x228x164 (CFF380),817397,
cbcr300tri,Cowbell Corro 300 french 398x228x164 (CFF380),819224,
cbcr300tri,Cowbell Corro 300 french 398x228x164 (CFF380),819225,
cbcr400gtri,cowbell corro 24x400g tri language (CFF370),739314,
cbcr400gtri,cowbell corro 24x400g tri language (CFF370),739385,
cbcr400gtri,cowbell corro 24x400g tri language (CFF370),739699,
cbcr400gtri,cowbell corro 24x400g tri language (CFF370),739770,
cbcr400gtri,cowbell corro 24x400g tri language (CFF370),740786,
cbcr400gtri,cowbell corro 24x400g tri language (CFF370),741039,
cbcr400gtri,cowbell corro 24x400g tri language (CFF370),742717,
cbcr400gtri,cowbell corro 24x400g tri language (CFF370),744379,
cbcr400gtri,cowbell corro 24x400g tri language (CFF370),746019,
cbcr500gchce,ccm 10x500g english (eur186696),0939344,
cbcr500gchce,ccm 10x500g english (eur186696),945076,
cbcr6x900tri,cowbell corro 6x900g tri language (CFF372),736123,
cbcr6x900tri,cowbell corro 6x900g tri language (CFF372),739428,
cbcr6x900tri,cowbell corro 6x900g tri language (CFF372),741040,
cbcr900gtri,cowbell 12x900 tri-language (cff371),734570,
cbcr900gtri,cowbell 12x900 tri-language (cff371),739700,
cbcr900gtri,cowbell 12x900 tri-language (cff371),739771,
cbcr900gtri,cowbell 12x900 tri-language (cff371),740784,
cbcr900gtri,cowbell 12x900 tri-language (cff371),741041,
cbcr900gtri,cowbell 12x900 tri-language (cff371),742715,
cbcr900gtri,cowbell 12x900 tri-language (cff371),744062,
cbcr900gtri,cowbell 12x900 tri-language (cff371),745030,
cbcr900gtri,cowbell 12x900 tri-language (cff371),745994,
cbigccpwd,coco powder rr5011,2432581443,20/11/2026
cbigccpwd,coco powder rr5011,2432581444,20/11/2026
cbigccpwd,coco powder rr5011,2507781444,18/03/2027
cbigchcpwd1,sc515152 chocolate flavour,0017998831,24/03/2027
cbpc127mmwht3d,127mm cowbell white plastic lids 3d,05021634,
cbpc127mmwht3d,127mm cowbell white plastic lids 3d,05021962,
cbpc127mmwht3d,127mm cowbell white plastic lids 3d,05022227,
cbpc127mmwht3d,127mm cowbell white plastic lids 3d,05022351,
cbpc127mmwht3d,127mm cowbell white plastic lids 3d,05022485,
cbpc153mmwht,153mm cowbell white plastic lids f/p (4153-c-w81),M06324,
cbpc153mmwht,153mm cowbell white plastic lids f/p (4153-c-w81),M06373,
cbpc153mmwht,153mm cowbell white plastic lids f/p (4153-c-w81),M06547,04/08/2025
cbpc153mmwht,153mm cowbell white plastic lids f/p (4153-c-w81),M06584,16/07/2027
cbpc153mmwht,153mm cowbell white plastic lids f/p (4153-c-w81),M06688,21/08/2027
cbpc153mmwht,153mm cowbell white plastic lids f/p (4153-c-w81),M06855,
cbpc189mmwht,189mm cowbell white plastic lids f/p (4189-c-w81),M03750,
cbpc189mmwht,189mm cowbell white plastic lids f/p (4189-c-w81),M04022,
cbpc189mmwht,189mm cowbell white plastic lids f/p (4189-c-w81),M04431,01/07/2029
cbpc189mmwht,189mm cowbell white plastic lids f/p (4189-c-w81),M06826,
cbpc99mmwht3d,99mm cowbell white plastic lids 3d,05021633,
cbpc99mmwht3d,99mm cowbell white plastic lids 3d,05021963,
cbpc99mmwht3d,99mm cowbell white plastic lids 3d,05022192,03/09/2025
cbpc99mmwht3d,99mm cowbell white plastic lids 3d,05022352,03/09/2025
cbpc99mmwht3d,99mm cowbell white plastic lids 3d,05022486,
cbpc99mmwht3d,99mm cowbell white plastic lids 3d,05022855,
cbpcr10x380gtri,cowbell pouch corro 10x380g pouches tri language (CFF375),741791,
cbpcr12x400gtri,cowbell pouch corro 12x400g pouches tri language (CFF376),738434,
cbpcr12x400gtri,cowbell pouch corro 12x400g pouches tri language (CFF376),739429,
cbpcr12x400gtri,cowbell pouch corro 12x400g pouches tri language (CFF376),741792,
cbpcr12x400gtri,cowbell pouch corro 12x400g pouches tri language (CFF376),746482,
cbrl304x225e,cowbell reels 304x225 200g english (CFF364),25201942,
cbrl304x225e,cowbell reels 304x225 200g english (CFF364),PO6797,
cbrl365x260fe,cowbell reels (380g) 365x260 french/english (CFF365),25201100,
cbrl365x260fe,cowbell reels (380g) 365x260 french/english (CFF365),PO-7254,
cbrl500gchce,ccm 500g pouch english,PO 5293 - 1,
cbrl814x120e10%,cowbell reels 814x120 english bopp 10% (CFF366),24202742,
cbrl814x120e10%,cowbell reels 814x120 english bopp 10% (CFF366),PO-6955,
cbrl814x120f10%,cowbell reels 814x120 bopp 10% french (CFF362),25200575,
cbrl814x120f10%,cowbell reels 814x120 bopp 10% french (CFF362),25200679,
cbrl814x120f10%,cowbell reels 814x120 bopp 10% french (CFF362),25200792,
cbrl914x130f10%,cowbell reels 914x130 bopp10% french (CFF363),25201569,
cbrl914x130f10%,cowbell reels 914x130 bopp10% french (CFF363),PO-7208,
ccmcr28g150tri,cowbell choc 28gx150 corro (CCM246),725874,
ccmcr28g150tri,cowbell choc 28gx150 corro (CCM246),739701,
ccmrl28g150,ccm (80*120) english CCM237,24201092,
ccmrl28g150,ccm (80*120) english CCM237,25201941,
ddwcara050,liquid caramel colour ddw050,202501000000,20/01/2027
ddwcara050,liquid caramel colour ddw050,202503000000,31/03/2027
ddwcara050,liquid caramel colour ddw050,202504000000,07/04/2027
ddwcara050,liquid caramel colour ddw050,202504000000,22/04/2027
ddwcara050,liquid caramel colour ddw050,202505000000,14/05/2027
ddwcara050,liquid caramel colour ddw050,202506000000,24/06/2027
ddwcara050,liquid caramel colour ddw050,202509000000,11/09/2027
ffmp10%b9,fat filled milk powder 10% b9 40000157,BF0193C25,26/02/2027
ffmp10%b9,fat filled milk powder 10% b9 40000157,BF0193C25,26/06/2027
ffmp10%b9,fat filled milk powder 10% b9 40000157,BF0198C25,27/02/2027
ffmp10%b9,fat filled milk powder 10% b9 40000157,BF0202C25,28/02/2027
ffmp10%b9,fat filled milk powder 10% b9 40000157,BF0210C25,01/03/2027
ffmp10%b9,fat filled milk powder 10% b9 40000157,BF0211C25,02/03/2027
ffmp10%b9,fat filled milk powder 10% b9 40000157,BF0212C25,04/03/2027
ffmp10%b9,fat filled milk powder 10% b9 40000157,BF0382C25,16/04/2027
ffmp10%b9,fat filled milk powder 10% b9 40000157,BF0384C25,17/04/2027
ffmp10%b9,fat filled milk powder 10% b9 40000157,BF0509C25,17/05/2027
ffmp10%b9,fat filled milk powder 10% b9 40000157,BF0721C25,08/07/2027
ffmp10%b9,fat filled milk powder 10% b9 40000157,BF0722C25,09/07/2027
ffmp10%b9,fat filled milk powder 10% b9 40000157,BF0739C25,12/07/2027
ffmp10%b9,fat filled milk powder 10% b9 40000157,BF0740C25,13/07/2027
ffmp11%b9,fat filled milk powder 11% b9 123718,23330260,17/03/2027
ffmp16%,fat filled milk powder 16% - 40000102,BF0186C25,24/02/2027
ffmp16%,fat filled milk powder 16% - 40000102,BF0187C25,26/02/2027
ffmp16%,fat filled milk powder 16% - 40000102,BF0899C25,18/08/2027
ffmp16%,fat filled milk powder 16% - 40000102,BF0982C25,14/09/2027
miksi500g1l,miksi english 345mmx260mm 10µm PET/6.35µm Al.foil/80µm PE,218950,
miksi500g1l,miksi english 345mmx260mm 10µm PET/6.35µm Al.foil/80µm PE,221184,
miksi500g1l,miksi english 345mmx260mm 10µm PET/6.35µm Al.foil/80µm PE,221347,
miksicr500x12g,miksi 500gx12 (MFF272)(168x400x230),741951,
miksicr500x12g,miksi 500gx12 (MFF272)(168x400x230),742482,
miksicr500x12g,miksi 500gx12 (MFF272)(168x400x230),745402,
miksicr500x12g,miksi 500gx12 (MFF272)(168x400x230),747007,
msg40-80,MSG 40-80 Mesh,J9 20250207,06/02/2028
msg40-80,MSG 40-80 Mesh,J9 20250318,17/03/2028
msg40-80,MSG 40-80 Mesh,J9 20250401,31/03/2028
msg40-80,MSG 40-80 Mesh,J9 20250422,21/04/2028
msg40-80,MSG 40-80 Mesh,N10 20250626,25/06/2028
ogcalredprim,allura red primary,PAR2835,08/03/2031
ogcbfflaviff,mix of odiferous beef sc315157,0018077334,20/09/2026
ogcbfflaviff,mix of odiferous beef sc315157,0018130394,30/09/2026
ogcbfflaviff,mix of odiferous beef sc315157,0018428725,13/01/2027
ogcbfflaviff,mix of odiferous beef sc315157,0018613922,16/02/2027
ogcbfflaviff,mix of odiferous beef sc315157,0018707503,01/04/2027
ogcbfflaviff,mix of odiferous beef sc315157,0018808639,01/04/2027
ogcbfflaviff,mix of odiferous beef sc315157,0018881075,15/04/2027
ogcbuc4g,Yellow rectangular bucket,00698474,
ogcbuc4g,Yellow rectangular bucket,00705956,
ogcbuc4g,Yellow rectangular bucket,00711808,
ogcbuc4g,Yellow rectangular bucket,00717042,
ogcbuc4g,Yellow rectangular bucket,00727789,
ogcbuc4g,Yellow rectangular bucket,00739888,
ogcbuc4g,Yellow rectangular bucket,00742077,
ogcbuc4g,Yellow rectangular bucket,00747595,
ogcbuc4g,Yellow rectangular bucket,00755222,
ogcbuc4g,Yellow rectangular bucket,00755573,
ogcbuc4g,Yellow rectangular bucket,00759395,
ogcbuclid4g,Yellow rectangular lid,00712003,
ogcbuclid4g,Yellow rectangular lid,00729909,
ogcbuclid4g,Yellow rectangular lid,00739270,
ogcbuclid4g,Yellow rectangular lid,00742758,
ogcchkflaviff,mix of odiferous chicken sc315787,0018258272,23/11/2026
ogcchkflaviff,mix of odiferous chicken sc315787,0018535114,17/01/2027
ogcchkflaviff,mix of odiferous chicken sc315787,0018582947,01/02/2027
ogcchkflaviff,mix of odiferous chicken sc315787,0018707502,22/09/2027
ogcchkflaviff,mix of odiferous chicken sc315787,0018808874,04/04/2027
ogcchkflaviff,mix of odiferous chicken sc315787,0018847631,08/04/2027
ogcchlpwdr,birds eye chilli powder,RA152501 S1,01/06/2026
ogcchlpwdr,birds eye chilli powder,RA312501 S2,26/01/2026
ogcchlpwdr,birds eye chilli powder,RB102510 S2,26/01/2026
ogcchlpwdr,birds eye chilli powder,RE302509 S2,27/05/2026
ogccrml,caramel powder,E42A893611,25/12/2026
ogccrnstch,cornstarch,0128 N-25,24/03/2027
ogccrnstch,cornstarch,0128 N-25,15/03/2027
ogccrnstch,cornstarch,0160 N-25,24/03/2027
ogccrnstch,cornstarch,0415 N-25,26/06/2027
ogccrnstch,cornstarch,0569 N-25,30/08/2027
ogccrnstch,cornstarch,500 a,02/12/2026
ogccrnstch,cornstarch,501 A,02/12/2026
ogcctrcacd,citric acid anhydrous 50-120,1AX2505503,31/05/2028
ogcctrcacd,citric acid anhydrous 50-120,1AX2506003,30/06/2028
ogcctrcacd,citric acid anhydrous 50-120,1AX2506008,30/06/2028
ogcctrcacd,citric acid anhydrous 50-120,1AX2506009,30/06/2028
ogcctrcacd,citric acid anhydrous 50-120,2AX2407006,31/07/2027
ogcctrcacd,citric acid anhydrous 50-120,2AX2504002,30/04/2028
ogcctrcacd,citric acid anhydrous 50-120,3AX2505002,30/05/2028
ogcctrcacd,citric acid anhydrous 50-120,3AX2505025,30/05/2028
ogcctrcacd,citric acid anhydrous 50-120,504000336,20/04/2028
ogcctrcacd,citric acid anhydrous 50-120,505000190,10/05/2028
ogcctrcacd,citric acid anhydrous 50-120,50500190,
ogcctrcacd,citric acid anhydrous 50-120,506000381,29/06/2028
ogcctrcacd,citric acid anhydrous 50-120,509000119,30/09/2028
ogcctrcacd,citric acid anhydrous 50-120,6AX2407025,31/07/2027
ogcctrcacd,citric acid anhydrous 50-120,6AX2501068,31/01/2028
ogcctrcacd,citric acid anhydrous 50-120,6AX2501075,31/01/2028
ogcctrcacd,citric acid anhydrous 50-120,6AX2504075,30/04/2028
ogcctrcacd,citric acid anhydrous 50-120,6ax2505007,31/05/2028
ogcctrcacd,citric acid anhydrous 50-120,A32502007,05/02/2028
ogcctrcacd,citric acid anhydrous 50-120,A32502027,14/02/2028
ogcctrcacd,citric acid anhydrous 50-120,A32505041,15/05/2028
ogcgarlic,garlic powder,MD24046-693E25-DGP,25/03/2026
ogcgarlic,garlic powder,MD25070-E12.5-DGP-IR,30/04/2027
ogcgarlic,garlic powder,MD25191-1-L12.5-DGP-IR,22/08/2027
ogci+g,i+g,04/04/25 A,04/04/2030
ogci+g,i+g,11 APR 25 A,11/04/2030
ogci+g,i+g,18 Jun 25 A,18/06/2030
ogci+g,i+g,CNSC241213,12/12/2029
ogci+g,i+g,CNSC250702,01/07/2030
ogclkalred,lake allura red,LARM45,31/03/2031
ogclkalred,lake allura red,LARS-2425/20,29/11/2029
ogcmaltdex,maltodextrine de18-20,20240916,15/09/2026
ogcmaltdex,maltodextrine de18-20,20241012,11/10/2026
ogcmaltdex,maltodextrine de18-20,20241020,19/10/2026
ogcmaltdex,maltodextrine de18-20,20241028,27/10/2026
ogcmaltdex,maltodextrine de18-20,20250508,27/05/2027
ogcmaltdex,maltodextrine de18-20,20250514,13/05/2027
ogcmaltdex,maltodextrine de18-20,20250528,27/05/2027
ogcmaltdex,maltodextrine de18-20,20250726,20/07/2027
ogcmarhart,marinade hrt cs za-2294 pwd 25kg 20622294/001,0009683836,26/04/2026
ogcmarhart,marinade hrt cs za-2294 pwd 25kg 20622294/001,0010031256,13/06/2026
ogconion,onion powder,MD24176-K25-OWP-IR,30/11/2026
ogcpaprka,paprika oleoresin 60000cu,ZZ216429/02,06/08/2025
ogcpaprka,paprika oleoresin 60000cu,ZZ217067/03,12/09/2025
ogcpaprka,paprika oleoresin 60000cu,ZZ217255/03,12/09/2025
ogcpaprka,paprika oleoresin 60000cu,ZZ218849/06,26/12/2025
ogcpaprka,paprika oleoresin 60000cu,ZZ219424/06,25/12/2025
ogcpaprka,paprika oleoresin 60000cu,ZZ219552/07,18/01/2026
ogcpaprka,paprika oleoresin 60000cu,ZZ220999/07,31/01/2026
ogcpaprka,paprika oleoresin 60000cu,ZZ222403/10,22/04/2026
ogcpondu1,pondu premix 20588278,0009690493,26/05/2026
ogcpondu1,pondu premix 20588278,0009919971,29/05/2026
ogcpondu1,pondu premix 20588278,0009919974,29/05/2026
ogcpondu1,pondu premix 20588278,0009919999,29/05/2026
ogcpondu1,pondu premix 20588278,0010243754,15/07/2026
ogcpondu1,pondu premix 20588278,0010243755,15/07/2026
ogcpondu1,pondu premix 20588278,0010243756,15/07/2026
ogcpondu1,pondu premix 20588278,0010243757,09/07/2026
ogcpondu1,pondu premix 20588278,0010372971,14/08/2026
ogcpondu1,pondu premix 20588278,0010373768,23/07/2026
ogcpondu1,pondu premix 20588278,0010813409,11/09/2026
ogcpondu1,pondu premix 20588278,0010813412,11/09/2026
ogcpondu1,pondu premix 20588278,0010813413,11/09/2026
ogcpondu1,pondu premix 20588278,0010813452,11/09/2026
ogcpondu1,pondu premix 20588278,0010813456,11/09/2026
ogcpondu1,pondu premix 20588278,0011099294,09/10/2026
ogcpouch4gbeef,onga cube pouch 4g beef,PO6796,
ogcpouch4gtom,onga cube pouch 4g tomate,25201150,
ogcrl4gbeef,onga cube wrapper 4g beef,102370086 - BEEF,
ogcrl4gbeef,onga cube wrapper 4g beef,PO-7951(4g Beef),
ogcrl4gtom,onga cube wrapper 4g tomate,PO-7217 (tom4g),
ogcrl4gtom,onga cube wrapper 4g tomate,po7217(tom4g),
ogcsalt,iodised salt fine,1139,15/11/2028
ogcsalt,iodised salt fine,2138,08/11/2028
ogcsalt,iodised salt fine,6128,26/05/2028
ogcsalt,iodised salt fine,6128,28/05/2028
ogcsalt,iodised salt fine,6128,30/05/2028
ogcsalt,iodised salt fine,6129,06/06/2028
ogcsalt,iodised salt fine,6133,19/06/2028
ogcsalt,iodised salt fine,6138,23/06/2028
ogcsalt,iodised salt fine,6138,04/07/2028
ogcsalt,iodised salt fine,6143,08/07/2028
ogcsalt,iodised salt fine,6143,17/07/2028
ogcsalt,iodised salt fine,6154,13/08/2028
ogcsalt,iodised salt fine,6155,14/08/2028
ogcsalt,iodised salt fine,6159,20/08/2028
ogcsalt,iodised salt fine,6164,04/09/2028
ogcsalt,iodised salt fine,6169,16/09/2028
ogcsalt,iodised salt fine,6170,23/09/2028
ogcsalt,iodised salt fine,6175,02/10/2028
ogcsalt,iodised salt fine,6180,14/10/2028
ogcsalt,iodised salt fine,6183,21/10/2028
ogcsalt,iodised salt fine,6189,05/11/2028
ogcsalt,iodised salt fine,6189,27/10/2028
ogcshpht,onga shrimp tablet hart 430-10-21,0000000553,01/03/2027
ogcshpht,onga shrimp tablet hart 430-10-21,0000000553,14/03/2027
ogcshpht,onga shrimp tablet hart 430-10-21,074300723,07/07/2025
ogcsoylec,soy lecithin (ultralec p),A4451 11AJ11G/22,09/11/2026
ogcsoylec,soy lecithin (ultralec p),A4451 11AJ11G/22,06/11/2026
ogcstkcube,onga beef 4gx55 label for round bucket,7695,
ogcstkcube,onga beef 4gx55 label for round bucket,9238,
ogcstkcube_a,onga beef 4gx3100 rectangular bucket sticker beef,10250,
ogcstkcube_a,onga beef 4gx3100 rectangular bucket sticker beef,12019,
ogcstkcube_a,onga beef 4gx3100 rectangular bucket sticker beef,12368,
ogcstktom,onga cube sticker tomate 30x55x4g,14897,
ogcstktom,onga cube sticker tomate 30x55x4g,9238,
ogcsugar,refined white sugar,2506230754,31/03/2027
ogcsugar,refined white sugar,NB17[322_363]25,20/04/2030
ogcsugar,refined white sugar,nb19036425,02/05/2030
ogcsugar,refined white sugar,NB19036625,02/05/2030
ogcsugar,refined white sugar,NB19036725,03/05/2030
ogcsugar,refined white sugar,NB22/436/2025,26/05/2030
ogcsugar,refined white sugar,Po-8887 sugar,17/10/2029
ogcsunyel,sunset yellow,2425650,01/11/2027
ogcsunyel,sunset yellow,2425650,01/11/2029
ogcsunyel,sunset yellow,PSY174,15/03/2031
ogcsunyel,sunset yellow,PSY204,25/04/2031
ogcsunyel,sunset yellow,RZ3J241069,31/07/2029
ogcsunyel,sunset yellow,SY-2425/71,15/08/2029
ogctom,tomato flavour (sc1024976),0018330749,27/05/2026
ogctom,tomato flavour (sc1024976),0018341662,05/06/2026
ogctom,tomato flavour (sc1024976),0018407689,23/06/2026
ogctom,tomato flavour (sc1024976),0018414088,23/06/2026
ogctom,tomato flavour (sc1024976),0018477325,24/07/2026
ogctom,tomato flavour (sc1024976),0018728282,09/09/2026
ogctom,tomato flavour (sc1024976),0018881077,23/10/2026
ogctomhart,tomate hart (20544279/001),0009211374,17/01/2026
ogctomhart,tomate hart (20544279/001),0010211103,04/07/2026
ogctomhart,tomate hart (20544279/001),0010264933,30/07/2026
ogctomhart,tomate hart (20544279/001),0010326459,18/07/2026
ogctomhart,tomate hart (20544279/001),0010952910,20/09/2026
ogctub4g,onga 10lt yellow kwikloc tub,00667114,
ogctub4g,onga 10lt yellow kwikloc tub,00761261,
ogctub4g,onga 10lt yellow kwikloc tub,00768953,
ogctub4g,onga 10lt yellow kwikloc tub,665529,
ogctub4g,onga 10lt yellow kwikloc tub,667114,
ogctub4g,onga 10lt yellow kwikloc tub,667853,
ogctub4g,onga 10lt yellow kwikloc tub,PO6791,
ogctublid4g,onga 10lt yellow lid,00657105,
ogctublid4g,onga 10lt yellow lid,00676986,
ogctublid4g,onga 10lt yellow lid,00763002,
ogctublid4g,onga 10lt yellow lid,00770108,
ogctublid4g,onga 10lt yellow lid,753492,
ogctumerc,bombay turmeric irr,B0296885,07/05/2026
ogctumerc,bombay turmeric irr,B0304299,27/05/2026
ogctumerc,bombay turmeric irr,B0304300,27/05/2026
ogcummod,UM MODULATOR FLAVOUR-SC834489,0018459677,03/07/2026
ogcvegfat,vegetable fat,TBL 25139,19/11/2026
ogcvegfat,vegetable fat,TBL 25140,20/11/2026
ogcvegfat,vegetable fat,TBL 25192,11/01/2027
ogcvegfat,vegetable fat,TBL25076,17/09/2026
ogdwcakeflwr,dried wheat cake flour,09/08/2025,09/08/2026
ogdwcakeflwr,dried wheat cake flour,18/09/2025,18/09/2026
ogdwcakeflwr,dried wheat cake flour,16/05/2026,16/05/2026
ogdwcakeflwr,dried wheat cake flour,04/06/2026,04/06/2026
ogdwcakeflwr,dried wheat cake flour,20260604,04/06/2026
ogghartpndu,pondu heart powder 20493405,0009339242,26/02/2026
ogghartpndu,pondu heart powder 20493405,0009445167,18/03/2026
oggheartpwd,stew heart powder sc437288,0017680011,09/06/2026
oggheartpwd,stew heart powder sc437288,0018847630,21/04/2027
oggmaizflour,maize flour (iwisa super cream),24/08/2025,24/08/2026
oggmaizflour,maize flour (iwisa super cream),11/02/2026,11/02/2026
oggmaizstrch,maize starch ah1 fully gelatinized fines,25237-10-P2,25/08/2026
oggmaizstrch,maize starch ah1 fully gelatinized fines,CS27/02/25002074,26/02/2026
oggmfil-p,mfil-p precipitated silica,421350,18/02/2028
oggmfil-p,mfil-p precipitated silica,421350,17/02/2028
oggparslvs,parsley leaves 3-5mm,B0302874,21/12/2026
oggparslvs,parsley leaves 3-5mm,B0302874,31/12/2026
oggparslvs,parsley leaves 3-5mm,B0302875,31/01/2026
oggparslvs,parsley leaves 3-5mm,B0307669,30/04/2026
oggponceau4r,ponceau 4r c008/s,2425648,01/11/2029
oggponceau4r,ponceau 4r c008/s,2425648,01/11/2027
oggponceau4r,ponceau 4r c008/s,PP4RM26292,14/03/2031
oggponceaulake4r,ponceau lake 4r c411/l/s,LP4RM4453,28/07/2029
oggponceaulake4r,ponceau lake 4r c411/l/s,LP4RM5443,18/04/2031
oggsaltmed,iodized salt medium,01/07/2025,01/07/2027
oggsaltmed,iodized salt medium,03/02/2025,03/02/2027
oggsaltmed,iodized salt medium,04/04/2025,04/04/2027
oggsaltmed,iodized salt medium,04/10/2024,04/10/2026
oggsaltmed,iodized salt medium,05/05/2025,05/05/2027
oggsaltmed,iodized salt medium,05/05/2025,05/05/2027
oggsaltmed,iodized salt medium,08/09/2025,08/09/2027
oggsaltmed,iodized salt medium,22/07/2025,22/07/2027
oggsaltmed,iodized salt medium,30-Sept-25,30/09/2027
ogmmbrnsug,brown sugar,06/06/2025,06/06/2027
ogmmbrnsug,brown sugar,07/06/2025,07/06/2027
ogmmbrnsug,brown sugar,08/05/2025,08/05/2027
ogmmbrnsug,brown sugar,08/06/2025,08/06/2027
ogmmbrnsug,brown sugar,115554,30/06/2028
ogmmbrnsug,brown sugar,115555,30/06/2028
ogmmbrnsug,brown sugar,115556,30/06/2028
ogmmbrnsug,brown sugar,115557,30/06/2028
ogmmbrnsug,brown sugar,115558,30/06/2028
ogmmbrnsug,brown sugar,115559,30/06/2028
ogmmbrnsug,brown sugar,115560,30/06/2028
ogmmbrnsug,brown sugar,115561,30/06/2028
ogmmbrnsug,brown sugar,115562,30/06/2028
ogmmbrnsug,brown sugar,115563,30/06/2028
ogmmbrnsug,brown sugar,115564,30/06/2028
ogmmbrnsug,brown sugar,115565,30/06/2028
ogmmbrnsug,brown sugar,115567,30/06/2028
ogmmbrnsug,brown sugar,115568,30/06/2028
ogmmbrnsug,brown sugar,115569,30/06/2028
ogmmbrnsug,brown sugar,115570,30/06/2028
ogmmbrnsug,brown sugar,115571,30/06/2028
ogmmbrnsug,brown sugar,115572,30/06/2028
ogmmbrnsug,brown sugar,115573,30/06/2028
ogmmbrnsug,brown sugar,115574,30/06/2028
ogmmbrnsug,brown sugar,115575,30/06/2028
ogmmbrnsug,brown sugar,115576,30/06/2028
ogmmbrnsug,brown sugar,115577,30/06/2028
ogmmbrnsug,brown sugar,115578,30/06/2028
ogmmbrnsug,brown sugar,115579,30/06/2028
ogmmbrnsug,brown sugar,115580,30/06/2028
ogmmbrnsug,brown sugar,115581,30/06/2028
ogmmbrnsug,brown sugar,115582,30/06/2028
ogmmbrnsug,brown sugar,115583,30/06/2028
ogmmbrnsug,brown sugar,115584,30/06/2028
ogmmbrnsug,brown sugar,115585,30/06/2028
ogmmbrnsug,brown sugar,115586,30/06/2028
ogmmbrnsug,brown sugar,115587,30/06/2028
ogmmbrnsug,brown sugar,118574-118607,31/08/2028
ogmmbrnsug,brown sugar,121[297_330],31/10/2028
ogmmparslvs,parsely leaves 1mm,MO14606-10,01/07/2026
ogmmparslvs,parsely leaves 1mm,MO14606-10,12/12/2025
ogmmturmor,turmeric or,ZZ217836/11,28/11/2025
ogmmturmor,turmeric or,ZZ221013/09,11/09/2026
ogmmvegoil,palm oil,10/06/2025,10/06/2027
ogmmvegoil,palm oil,14/05/2025,14/05/2027
ogmmvegoil,palm oil,11/09/2025,11/09/2027
ogmmvegoil,palm oil,09/10/2025,09/10/2027
ogmmvegoil,palm oil,24/06/2027,24/06/2027
ogmmvegoil,palm oil,23/10/2025,23/10/2027
ogmmvegoil,palm oil,28/10/2025,28/10/2027
ogorgbag,700x1100x65 mic orange bags,Po-8333,
ogorgbag,700x1100x65 mic orange bags,PO-8435,
ogorgbag,700x1100x65 mic orange bags,Po-8498,
ogorgbag,700x1100x65 mic orange bags,PO-8543,
ogorgbag,700x1100x65 mic orange bags,Po-8610,
ogsipernate22s,"sipernate 22s (15,00kg)",174072623,25/07/2026
ogsipernate22s,"sipernate 22s (15,00kg)",175022623,25/02/2027
ogsipernate22s,"sipernate 22s (15,00kg)",175022823,27/02/2027
ogsipernate22s,"sipernate 22s (15,00kg)",175062323,22/06/2027
ogstchick25kg,onga chicken sticker 25kg,14493,
ogstmarin25kg,onga marinade sticker 25kg,3818,
ogstpondu25kg,onga pondu sticker 25kg,9678,
ogststew25kg,onga stew sticker 25kg,11659,
ogsttom25kg_sp,onga tomato stick pack sticker 25kg,12020,
ogsttom25kg_sp,onga tomato stick pack sticker 25kg,14898,
ogsttom25kg_sp,onga tomato stick pack sticker 25kg,6785,
ogsttom25kg_sp,onga tomato stick pack sticker 25kg,8073,
ogsttom25kg_sp,onga tomato stick pack sticker 25kg,8401,
ogsttom25kg_sp,onga tomato stick pack sticker 25kg,Po-8400,
ogtabpallet,onga tablet 1140x1140 pallet closed top,P0-8296,
ogtabpallet,onga tablet 1140x1140 pallet closed top,Po-8466,
ogtabpallet,onga tablet 1140x1140 pallet closed top,PO-8556,
ogtabplysheet_18,onga tablet ply wood top sheet 18mm,P0-8296,
ogtabplysheet_18,onga tablet ply wood top sheet 18mm,Po-8466,
ogtabplysheet_18,onga tablet ply wood top sheet 18mm,PO-8556,
ogtcr10gbeef12x48,onga tablet  beef carne 12x48x10g corro,739702,
ogtcr10gbeef12x48,onga tablet  beef carne 12x48x10g corro,742719,
ogtcr10gbeef12x48,onga tablet  beef carne 12x48x10g corro,744527,
ogtcr10gmarin12x48,onga tablet  marinade/tempero 12x48x10g corro,734874,
ogtcr10gmarin12x48,onga tablet  marinade/tempero 12x48x10g corro,739703,
ogtcr10gmarin24x48,onga tablet  marinade/tempero 24x48x10g corro,691878,
ogtcr10gpondu12x48,onga tablet  pondu kizaka 12x48x10g corro,739704,
ogtcr10gpondu12x48,onga tablet  pondu kizaka 12x48x10g corro,741044,
ogtcr10gpondu24x48,onga tablet  pondu 24x48x10g corro,738435,
ogtcr10gpondu24x48,onga tablet  pondu 24x48x10g corro,740360,
ogtcr10gpoulet12x48,onga tablet  poulet/galinha 12x48x10g corro,743940,
ogtcr10gpoulet12x48,onga tablet  poulet/galinha 12x48x10g corro,744236,
ogtcr10gpoulet12x48,onga tablet  poulet/galinha 12x48x10g corro,744528,
ogtcr10gpoulet24x48,onga tablet  poulet/galinha 24x48x10g corro,717860,
ogtcr10gtomato24x48,onga tablet  tomato 24x48x10g corro,720746,
ogtcr10gtomato24x48,onga tablet  tomato 24x48x10g corro,720890,
ogtcr10gtomato24x48,onga tablet  tomato 24x48x10g corro,722937,
ogtcr10gtomato24x48,onga tablet  tomato 24x48x10g corro,739706,
ogtcr10gtomato24x48,onga tablet  tomato 24x48x10g corro,746483,
ogtfilm170mm,170mm 20um clear bopp,16960,
ogtrl10gbeef,onga tablet wrapper 10g Tablet/Tablette ONT/206,PO-7217 (beef10g),
ogtrl10gbeef,onga tablet wrapper 10g Tablet/Tablette ONT/206,PO-8198 (BEEF),
ogtrl10gbeefcarne,onga tablet wrapper 10g Beef/Carne ONT/207,PO 5181 - 2,
ogtrl10gcrevcama,onga tablet wrapper 10g crevette/camarao ONT/210,PO-7217 (crev10g),
ogtrl10gmaritemp,onga tablet wrapper 10g marinade/tempero ONT/209,1149141,
ogtrl10gpondu,onga tablet wrapper 10g pondu  ONT/204,102370087 - PONDU,
ogtrl10gpondu,onga tablet wrapper 10g pondu  ONT/204,PO7392 - 10gPOND,
ogtrl10gpondu,onga tablet wrapper 10g pondu  ONT/204,PO-8198 (PONDU),
ogtrl10gpondukiza,onga tablet wrapper 10g pondu/kizaka ONT/205,PO-7217 (kizak10g),
ogtrl10gpondukiza,onga tablet wrapper 10g pondu/kizaka ONT/205,PO-7951 (10g Pondu),
ogtrl10gpoulgali,onga tablet wrapper 10g poulet/galinha ONT/208,PO-7951 (10g Chicken),
ogtrl10gpoulgali,onga tablet wrapper 10g poulet/galinha ONT/208,PO-8198 (POULGAL),
ogtrl10gtomarefo,onga tablet wrapper 10g tomate/refogado ONT/211,102377337,
ogtrl10gtomarefo,onga tablet wrapper 10g tomate/refogado ONT/211,PO7392 - 10gTOM,
ogttr10gbeef,onga tablet  beef Tablette 24x48x10g tray,49855 D,
ogttr10gbeef,onga tablet  beef Tablette 24x48x10g tray,49993 B,
ogttr10gbeef,onga tablet  beef Tablette 24x48x10g tray,50131 B,
ogttr10gbeef12x48,onga tablet  beef carne 12x48x10g tray,49418 C,
ogttr10gbeef12x48,onga tablet  beef carne 12x48x10g tray,49535 D,
ogttr10gbeef12x48,onga tablet  beef carne 12x48x10g tray,50357 D,
ogttr10gcrevette,onga tablet  crevette/camarao 48x10g tray,47612 D,
ogttr10gcrevette,onga tablet  crevette/camarao 48x10g tray,49070 D,
ogttr10gcrevette,onga tablet  crevette/camarao 48x10g tray,49855 c,
ogttr10gcrevette,onga tablet  crevette/camarao 48x10g tray,50307 D,
ogttr10gmarin,onga tablet  marinade/tempero 48x10g tray,49418 F,
ogttr10gpondu,onga tablet  pondu 24x48x10g tray,49993 A,
ogttr10gpondu,onga tablet  pondu 24x48x10g tray,50131 A,
ogttr10gpondu,onga tablet  pondu 24x48x10g tray,50131-Pondu,
ogttr10gpondu,onga tablet  pondu 24x48x10g tray,50307 A,
ogttr10gpondu,onga tablet  pondu 24x48x10g tray,50357,
ogttr10gpondu,onga tablet  pondu 24x48x10g tray,50444 A,
ogttr10gpondu12x48,onga tablet  pondu-kizaka 12x48x10g tray,49855 B,
ogttr10gpondu12x48,onga tablet  pondu-kizaka 12x48x10g tray,49855 C,
ogttr10gpondu12x48,onga tablet  pondu-kizaka 12x48x10g tray,49993 C,
ogttr10gpondu12x48,onga tablet  pondu-kizaka 12x48x10g tray,50357 C,
ogttr10gpoulet,onga tablet  poulet 24x48x10g tray,49535 B,
ogttr10gpoulet,onga tablet  poulet 24x48x10g tray,49993,
ogttr10gpoulet,onga tablet  poulet 24x48x10g tray,49993D,
ogttr10gpoulet,onga tablet  poulet 24x48x10g tray,50357 E,
ogttr10gpoulet,onga tablet  poulet 24x48x10g tray,50698 A,
ogttr10gtomato,onga tablet  tomato 48x10g tray,50131 C,
ogttr10gtomato,onga tablet  tomato 48x10g tray,50307 B,
ogttr10gtomato,onga tablet  tomato 48x10g tray,50357 B,
pdr1146,display - jaba chicken seasoning 10,134138,
pdr1146,display - jaba chicken seasoning 10,136854,
pdr1146,display - jaba chicken seasoning 10,138464,
pdr737,Jar 2kg Round Clear With Cap,po-8668,
plasticbag4g,Plastic liner bag for 4g cubes 600x500x50mic,PO-7861,
pmamigolabelberries,Amila Go Berries Corrugate Label 6 x 40 x 5g,Po-8743 Berries,
pmamigolabelmango,Amila Go Mango Corrugate Label 6 x 40 x 5g,Po-8743 Mango,
pmamigolabelorange,Amila Go Corrugate Label Orange 6 x 40 x 5g,Po-8743 Orange,
pmamigolabelwatermel,Amila Go Corrugate Label Watermelon 6 x 40 x 5g,Po-8743 Watermelon,
pmamlafc,amila fruit cocktail label,PO-8133,
pmamlama,amila mango/apricot label,PO-8133,
pmamlamb,amila mixed berry label,PO-8133,
pmamlaon,amila orange naartjie label,PO-8133,
pmamlaor,amila orange label,PO-8133,
pmamlapa,amila passion fruit label,PO-8133,
pmamlasb,Amila strawberry/banana label,PO-8133,
pmamlgocorro,Amila GO Corro,0747586,
pmamlgocorro,Amila GO Corro,329595,
pmamlgodisberries,Amila GO Display Berries 5g x 40,TP-SX109007,
pmamlgodismango,Amila GO Display Mango 5g x 40,TP-SX109009,
pmamlgodisorange,Amila GO Display Orange 5g x 40,TP-SX109008,
pmamlgodiswatermelon,Amila GO Display Watermelon 5g x 40,TP-SX109007,
PMAMLGORELBERRIES,Amila GO Paper 5g Berries, 2526/3288,
PMAMLGORELBERRIES,Amila GO Paper 5g Berries,PO-8890(berries),
PMAMLGORELMANGO,Amila GO Paper 5g Mango,2526/3280,
PMAMLGORELMANGO,Amila GO Paper 5g Mango,PO-8890(mango),
PMAMLGORELORANGE,Amila GO Paper 5g Orange,2526/3279,
PMAMLGORELWATERMELON,Amila GO Paper 5g Watermelon,2526/3287,
PMAMLGORELWATERMELON,Amila GO Paper 5g Watermelon,PO-8890(watermelon),
pmmikrel238x155,miksi 238x155 ea reels MFF275,PO-8643,
pmmikrel814x120,miksi 814x120 ea reels MFF274,PO-8643,
pw00005,display - jaba chicken seasoning,PO-8295,
pw00005,display - jaba chicken seasoning,Po-8449,
pw00005,display - jaba chicken seasoning,Po-8452,
pw00005,display - jaba chicken seasoning,Po-8454,
pw00005,display - jaba chicken seasoning,Po-8513,
pw00005,display - jaba chicken seasoning,Po-8563,
pw00005,display - jaba chicken seasoning,TP-SX107624,
pw00014,display dop reds 36s 16x36x5g,Po-8563 Reds,
pw00014,display dop reds 36s 16x36x5g,Po-8796 reds 36s,
pw00015,display dop lights 36s 16x36x5g,TP-SX102958,
pw00016,display dop tropical 36s 16x36x5g,TP-SX102960 Tropical,
pw00018,display dop rainbow 36s 16x36x5g,TP-SX102958 Rainbow,
pw00031,dop mixd light 72 reel 5g,219480,
pw00031,dop mixd light 72 reel 5g,Po-8374,
PW00031,dop mixd light 72 reel 5g,Po-8783 Light,
pw00037,dop 8x72x5g corro gap box,313025,
pw00037,dop 8x72x5g corro gap box,315305,
pw00037,dop 8x72x5g corro gap box,319269,
pw00037,dop 8x72x5g corro gap box,320801,
pw00037,dop 8x72x5g corro gap box,327972,
pw00037,dop 8x72x5g corro gap box,330461,
pw00037,dop 8x72x5g corro gap box,662668,
PW00041,display dop groovy 72s 5g,PO-8205,
pw00041,display dop groovy 72s 5g,Po-8664 Groovy,
pw00054,dop orange 72 reel 5g,220304,
pw00054,dop orange 72 reel 5g,220614,30/06/2025
pw00054,dop orange 72 reel 5g,221177,
pw00061,dop gingerbeer 72 reel 5g,217866,
pw00061,dop gingerbeer 72 reel 5g,220305,
pw00061,dop gingerbeer 72 reel 5g,220616,30/06/2025
pw00066,jaba chicken  corro ,315306,
pw00066,jaba chicken  corro ,320802,
pw00066,jaba chicken  corro ,32795,
pw00066,jaba chicken  corro ,327975,
pw00078,dop mixed tropical 72 reel 5g,220308,
pw00078,dop mixed tropical 72 reel 5g,220620,30/06/2025
pw00078,dop mixed tropical 72 reel 5g,220750,
pw00101,DOP 200ml Orange Label,Po-8379 orange,
PW00101,DOP 200ml Orange Label,Po-8783 Orange label,
pw00102,DOP 200ml Cocopine Label,Po-8379 coco pine,
pw00102,DOP 200ml Cocopine Label,PO-8870,
pw00103,DOP 200ml Raspberry Label,Po-8379 raspberry,
PW00103,DOP 200ml Raspberry Label,Po-8783 Raspberry label,
pw00104,DOP 200ml Creamsoda Label,Po-8379 cream soda,
PW00104,DOP 200ml Creamsoda Label,Po-8783 Creamsoda label,
pw00105,DOP 200ml Bottle,2025/05/06/005,
pw00105,DOP 200ml Bottle,2025/08/18-008,
pw00105,DOP 200ml Bottle,2025/10/02/010,
pw00105,DOP 200ml Bottle,2028/08/27-008,
PW00105,DOP 200ml Bottle,Po-8459,
pw00105,DOP 200ml Bottle,PO-8524 (Dop bottle),
pw00105,DOP 200ml Bottle,Po-8563,
pw00105,DOP 200ml Bottle,Po8595,
pw00105,DOP 200ml Bottle,Po-8783 Bottles,
pw00105,DOP 200ml Bottle,Po-8786 Bottles,
pw00106,DOP 200ml Liquid Tray,315692,
pw00106,DOP 200ml Liquid Tray,319176,
pw00106,DOP 200ml Liquid Tray,325417,
pw00127,DOP 200ml gingerbeer Label,Po-8379 ginger beer,
pw00127,DOP 200ml gingerbeer Label,Po-8921,
pw00138,DOP 200ml naartjie Label,Po-8379 naartjie,
pw00142,shrink wrap 350x40,PO-7842,
pw00142,shrink wrap 350x40,PO-8582,
pw00147,Blank Labels,Po-8513,
pw00147,Blank Labels,PO-8870,
pw00164,display dop reds 8x72x5g,Po-8796 reds 72,
pw00164,display dop reds 8x72x5g,TP-SX101366,
pw00164,display dop reds 8x72x5g,TP-SX102716,
pw00164,display dop reds 8x72x5g,TP-SX112239,
pw00165,display dop lights 72s 5g,PO18341,
pw00165,display dop lights 72s 5g,PO-8267 Lights,
pw00165,display dop lights 72s 5g,Po-8666 Lights,
pw00166,display dop grape 72s 5g,Po-8666 Grape,
pw00166,display dop grape 72s 5g,Po-8796 grape 72s,
pw00167,display dop orange 72s 5g,PO-8267 Orange,
pw00167,display dop orange 72s 5g,PO8664 Orange,
pw00169,display dop rainbow 72s 5g,Po-8666 Rainbow,
pw00169,display dop rainbow 72s 5g,TP-SX101368,
pw00169,display dop rainbow 72s 5g,TP-SX102717,
pw00170,display dop ginger 72s 5g,PO-8294,
pw00170,display dop ginger 72s 5g,Po-8664 Ginger,
pw00170,display dop ginger 72s 5g,TP-SX099915,
pw00178,display dop tropical 72s 5g,PO-8205,
pw00178,display dop tropical 72s 5g,Po-8454,
pw00178,display dop tropical 72s 5g,Po8664 Tropical,
pw00178,display dop tropical 72s 5g,TP-SX102717,
pw00182,paper dop reds 5g,220306,
pw00182,paper dop reds 5g,220537,
pw00182,paper dop reds 5g,221178,
pw00182,paper dop reds 5g,Po-8374,
pw00182,paper dop reds 5g,Po-8379,
pw00182,paper dop reds 5g,Po-8538,
pw00182,paper dop reds 5g,PO-8650,
pw00182,paper dop reds 5g,Po-8783 Reds,
pw00182,paper dop reds 5g,PO-8936 (DOP REDS),
pw00189,label dop white (rainbow) 72s 150x30 5g,PO-8244 Rainbow,
pw00189,label dop white (rainbow) 72s 150x30 5g,po-8513 rainbow,
pw00190,lights case label,PO-8144 lights,
pw00191,label dop orange (orange) 72s 150x30 5g,PO-8244 Orange,
pw00192,label dop blue (tropical) 72s 150x30 5g,PO-8244 Tropical,
pw00195,grape case label,PO-8244 Grape,
pw00243,dop rainbow 72 reel 5g,220309,
pw00243,dop rainbow 72 reel 5g,220751,
pw00243,dop rainbow 72 reel 5g,CQC-2526/0510,
pw00243,dop rainbow 72 reel 5g,Po-8374,
pw00270,paper - jaba chicken 396 944,217750,
pw00270,paper - jaba chicken 396 944,220408,
pw00270,paper - jaba chicken 396 944,221181,
pw00270,paper - jaba chicken 396 944,CQC-2526/0531,
pw00270,paper - jaba chicken 396 944,Po-8454,
pw00270,paper - jaba chicken 396 944,Po8525 Chicken,
pw00270,paper - jaba chicken 396 944,Po-8599,
pw00305,dop mixed grape 72 reel 5g,220310,
pw00305,dop mixed grape 72 reel 5g,220621,30/06/2025
pw00310,Superdip 60s display,PO-8524 (Original),
pw00311,superdip 60s corro,315627,
pw00311,superdip 60s corro,319185,
pw00311,superdip 60s corro,326278,
pw00311,superdip 60s corro,327974,
pw00342,cola case label,PO-8244 Cola,
pw00343,ginger case label,PO-8244 Ginger,
pw00364,Corro dop 36's ea,321016,
pw00370,dop groovy 72 reel 5g,219009,
pw00370,dop groovy 72 reel 5g,220623,30/06/2025
pw00370,dop groovy 72 reel 5g,220753,
pw00373,superdip Namibia paper reels,CQC-2526/0509,
pw00373,superdip Namibia paper reels,PO-8650,
pw00402,groovy case label,PO-8244 Groovy,
pw00403,Drum and cap 25kg,Po-8394,
pw00409,display dop jolly 72s 5g,PO-8267-Jolly,
pw00409,display dop jolly 72s 5g,Po-8670 jolly,
pw00409,display dop jolly 72s 5g,Po-8862 jolly 72’s,
pw00409,display dop jolly 72s 5g,TP-SX099916,10/07/2025
pw00443,jolly case label,Po-8513 Jolly,
pw00447,dop jolly 72 reel 5g,220311,
pw00447,dop jolly 72 reel 5g,220622,30/06/2025
pw00447,dop jolly 72 reel 5g,Po-8379 jolly,
pw00526,dop cola reel tan 2g,218178,
pw00526,dop cola reel tan 2g,218410,
pw00526,dop cola reel tan 2g,220972,
pw00527,dop pineapple reel tan 2g,218182,
pw00527,dop pineapple reel tan 2g,220412,
pw00528,dop orange reel tan 2g,218409,
pw00528,dop orange reel tan 2g,220409,
pw00528,dop orange reel tan 2g,220755,
pw00528,dop orange reel tan 2g,220973,
pw00529,dop mango reel tan 2g,218180,
pw00529,dop mango reel tan 2g,220410,
pw00530,dop blackcurrant reel tan 2g,220411,
pw00530,dop blackcurrant reel tan 2g,220757,
pw00530,dop blackcurrant reel tan 2g,220975,
pw00536,dop corro 2g 297x146x80,292389,
pw00536,dop corro 2g 297x146x80,319613,
pw00536,dop corro 2g 297x146x80,325437,
pw00536,dop corro 2g 297x146x80,327835,
pw00536,dop corro 2g 297x146x80,330792,
pw00547,display dop funky 72s 5g,PO-8205,
pw00547,display dop funky 72s 5g,PO-8267 funky,
pw00547,display dop funky 72s 5g,Po-8664 Funky,
pw00548,dop funky 72 reel 5g,219482,
pw00548,dop funky 72 reel 5g,220407,
pw00548,dop funky 72 reel 5g,220624,30/06/2025
pw00548,dop funky 72 reel 5g,220754,
pw00548,dop funky 72 reel 5g,Po-8783 Funky,
pw00571,dop lemon reel tan 2g,220977,
pw00572,display dop funky 36s 16x36x5g,TP-SX102960,
pw00574,dop strawberry reel 10g,220161,
pw00575,dop orange reel 10g,220162,
pw00576,dop pineapple reel 10g,220163,
pw00579,dop poly prop packet 10g,Po-8563,
pw00580,dop corro 270x160x106 10g rsc,319177,
pw00581,dop mango reel 10g,220160,
pw00582,superdip tropical paper reel,cqc-2526/0508,
pw00582,superdip tropical paper reel,L00171,
pw00624,superdip malawi orange reels 2g,218107,
pw00625,superdip cola reels 2g,218106,
pw00628,superdip 2g corro,303725,
pw00629,funky case label,PO-8244 Funky,
pw00629,funky case label,Po-8670 Funky,
pw00632,DOP 200ml mango Label,Po-8379 mango,
pw00633,dop cola revolution 72 reel 5g,217865,
pw00633,dop cola revolution 72 reel 5g,220406,
pw00633,dop cola revolution 72 reel 5g,220615,30/06/2025
pw00633,dop cola revolution 72 reel 5g,Po-8783 Cola R,
pw00634,display dop cola revolution 72s 5g,po-8267 cola,
pw00634,display dop cola revolution 72s 5g,Po-8664 Cola,
pw00634,display dop cola revolution 72s 5g,TP-SX094541,
pw00637,paper jaba beef ,220971,
pw00637,paper jaba beef ,Po8525 Jaba beef,
pw00637,paper jaba beef ,Po-8599 beef,
pw00639,display jaba beef ,PO-8216,
pw00639,display jaba beef ,Po-8748,
pw00640,corro jaba beef,315691,
pw00640,corro jaba beef,320803,
pw00640,corro jaba beef,327976,
pw00643,jaba curry paper ,216258,
pw00643,jaba curry paper ,Po8525 Jaba Curry,
pw00644,corro jaba curry ,306848,
pw00645,display jaba curry ,PO-7931,
pw00646,dop 36x8x5g display carton,131688,
pw00646,dop 36x8x5g display carton,134214,
pw00647,best cook chicken reel,po-8374,
pw00648,best cook beef reel,L00145,
pw00648,best cook beef reel,Po-8374,
pw00649,bestcook corro,319436,
pw00649,bestcook corro,320540,
pw006504,bestcook chicken display,PO-8172,
pw00652,bestcook beef display,PO-8172,
pw00655,jaba vinyl round sticker,po-8670 jaba sticker,
pw00661,DOP 200ml tfrutti Label,Po-8379 tutti,
pw00661,DOP 200ml tfrutti Label,Po-8921,
pw00662,DOP 200ml grape Label,Po-8379 grape,
pw00662,DOP 200ml grape Label,PO8870 (DOP Grape),
pw00665,jaba original label,PO-8216,
pw00666,jaba chilli label,PO-8216,
pw00671,superdip grape namibia reels,214732,
pw00671,superdip grape namibia reels,220316,
pw00671,superdip grape namibia reels,PO-8538,
pw00682,cap 28mm blue,12432,
pw00682,cap 28mm blue,12791,
pw00682,cap 28mm blue,172030114,
pw00682,cap 28mm blue,2619893,
pw00682,cap 28mm blue,2627156,
pw00682,cap 28mm blue,PO-8804,
pw00687,jaba shaker bottle,PO-7931,
pw00687,jaba shaker bottle,PO-8205,
pw00687,jaba shaker bottle,Po-8897,
pw00688,jaba shaker grid 52mm,2025/10/15/010,
pw00688,jaba shaker grid 52mm,PO-8030,
pw00689,jaba shaker cap green,2025/04/10/004,
pw00689,jaba shaker cap green,PO-8491,
pw00690,jaba shaker tray,317477,
pw00692,superdip 60s grape display,PO-8524 (Grape),
pw00693,superdip 60s tropical display,po-8524 (tropical),
pw00693,superdip 60s tropical display,Po-8688 Tropical,
pw00694,jaba shaker cap red,2025/04/10/004,
pw00731,dop fantasy 72 reel 5g,221179,
pw00731,dop fantasy 72 reel 5g,Po-8379 fantasy,
pw00732,Amila ice tea corro 25g,327973,
pw00732,Amila ice tea corro 25g,332686,
pw00735,amila 25g peach ice tea,220595,30/06/2025
pw00736,display dop fantasy 72s 5g,PO-8294 fantasy,
pw00736,display dop fantasy 72s 5g,PO-8668 Fantasy,
pw00741,amila display ice tea,135578,
pw00744,drinkopop reds 10x60x5g display,TP-SX105251,
pw00745,DOP 60g Corros,319808,
pw00745,DOP 60g Corros,324565,
pw00745,DOP 60g Corros,328663,
pw00745,DOP 60g Corros,330479,
pw00769,drinkopop tropical 10x60x5g display,PO-8719 Tropical,
pw00770,drinkopop Jolly 10x60x5g display,PO-8719 Jolly,
pw600,Jaba chicken 12g tablet wrapper,HTMK/MP 015 2,
pw601,Jaba beef 12g tablet wrapper,HTMK/MP 015 3,
pw602,jaba chicken tablet corros,741046,
pw603,jaba beef tablet corros,741047,
pw604,jaba chicken tablet displays 24 x 48 x 12g,48872 A,
pw605,jaba beef tablet displays 24 x 48 x 12g,50443 A,
rm00001,Cyclamate,12103882,01/05/2028
rm00001,Cyclamate,12103935,21/05/2028
rm00001,Cyclamate,12103950,26/05/2028
rm00001,Cyclamate,12103972,06/06/2028
rm00001,Cyclamate,12103991,13/06/2028
rm00001,Cyclamate,12104028,27/06/2028
rm00001,Cyclamate,12409042,17/09/2027
rm00001,Cyclamate,13024348,15/08/2027
rm00001,Cyclamate,13025361,01/02/2028
rm00001,Cyclamate,13025366,02/02/2028
rm00001,Cyclamate,13025420,13/02/2028
rm00001,Cyclamate,13025472,22/02/2028
rm00001,Cyclamate,13025566,07/03/2028
rm00001,Cyclamate,13025579,09/03/2028
rm00001,Cyclamate,13025661,20/03/2028
rm00001,Cyclamate,13025688,24/03/2028
rm00001,Cyclamate,13025916,28/04/2028
rm00001,Cyclamate,13025924,29/04/2028
rm00001,Cyclamate,13026162,17/06/2028
rm00001,Cyclamate,13026166,18/06/2028
rm00001,Cyclamate,13026167,19/06/2028
rm00001,Cyclamate,13026318,12/07/2028
rm00001,Cyclamate,13026600,24/08/2028
rm00001,Cyclamate,13026606,25/08/2028
rm00001,Cyclamate,22406086,30/06/2028
rm00001,Cyclamate,22406087,30/06/2028
rm00001,Cyclamate,22406088,30/06/2028
rm00001,Cyclamate,22411025,30/11/2028
rm00001,Cyclamate,22505003,31/05/2029
rm00001,Cyclamate,22505004,31/05/2029
rm00001,Cyclamate,22505005,31/05/2029
rm00001,Cyclamate,22505006,31/05/2029
rm00001,Cyclamate,22505099,30/05/2029
rm00001,Cyclamate,22505100,30/05/2029
rm00001,Cyclamate,22505101,30/05/2029
rm00001,Cyclamate,22505102,30/05/2029
rm00001,Cyclamate,2502041NA01,26/02/2028
rm00001,Cyclamate,2502042NJ01,27/02/2028
rm00001,Cyclamate,2503048NA01,26/03/2028
rm00004,citric acid local ,1AX2505503,31/05/2028
rm00004,citric acid local ,2AX2503039,31/03/2028
rm00004,citric acid local ,505000190,10/05/2028
rm00004,citric acid local ,6AX2504075,30/04/2028
rm00006,Saccharin BP450,20240523,22/05/2029
rm00006,Saccharin BP450,YST241129K,28/11/2027
rm00006,Saccharin BP450,YST250506K,05/05/2028
rm00008,pirosil/mansil-sunsil ,08/e/25/b1,
rm00008,pirosil/mansil-sunsil ,16/H/25/B1,10/08/2028
rm00008,pirosil/mansil-sunsil ,20250329,28/03/2027
rm00008,pirosil/mansil-sunsil ,25/H/24/B1,15/08/2027
rm00008,pirosil/mansil-sunsil ,25/H/24/B1,15/09/2027
rm00008,pirosil/mansil-sunsil ,25/H/24/B1,15/08/2026
rm00008,pirosil/mansil-sunsil ,25/H/24/B1,15/03/2027
rm00008,pirosil/mansil-sunsil ,5/E/25/B1,05/05/2027
rm00008,pirosil/mansil-sunsil ,505000190,10/05/2028
rm00008,pirosil/mansil-sunsil ,5267M25,31/03/2027
rm00008,pirosil/mansil-sunsil ,6/E/25/B1,05/05/2027
rm00010,Cola Brown,ZZ217554/05,06/05/2027
rm00010,Cola Brown,ZZ218745/06,20/06/2026
rm00010,Cola Brown,ZZ219192/07,08/07/2027
rm00010,Cola Brown,zz219718/07,29/07/2027
rm00010,Cola Brown,ZZ220042/08,13/08/2027
rm00010,Cola Brown,ZZ220817/09,04/09/2027
rm00010,Cola Brown,ZZ221837/10,09/10/2027
rm00010,Cola Brown,Zz223163/11,14/11/2027
rm00011,sugar white ,061025,31/05/2027
rm00011,sugar white ,25/73EK0002430,31/05/2027
rm00014,Sodium Benzoate,20241207,06/12/2026
rm00014,Sodium Benzoate,20250219,18/02/2027
rm00014,Sodium Benzoate,20250227,26/02/2027
rm00014,Sodium Benzoate,20250329,28/03/2027
rm00014,Sodium Benzoate,20250702,01/07/2027
rm00014,Sodium Benzoate,20250827,26/08/2027
rm00015,brilliant blue,BB-2425/34,24/07/2029
rm00015,brilliant blue,BB-2425/35,29/07/2029
RM00015,brilliant blue,PBBM26593,12/05/2031
rm00016,tartrazine,RHB9250576,30/04/2030
rm00016,tartrazine,TR-2425/121,22/09/2029
rm00016,tartrazine,TR-2425/122,24/09/2029
rm00016,tartrazine,TR-2425/123,25/09/2029
rm00020,salt ,"01,08/08/24",08/08/2027
rm00020,salt ,02/09/2025,02/09/2027
rm00020,salt ,06-Oct-25,06/10/2027
rm00020,salt ,07-Jul-25,07/07/2027
rm00020,salt ,15-Aug-25,15/08/2027
rm00020,salt ,18/06/2025,18/06/2027
rm00020,salt ,20-Oct-25,20/10/2027
rm00020,salt ,21/02/2025,21/02/2027
rm00020,salt ,25-Jun-25,25/06/2027
rm00020,salt ,6133,19/06/2028
rm00034,Espray SD Guava 01.A.02.0062.SD,301024 110835,30/10/2026
rm00036,Apple Flavour Espray 01.A.12.0137.SD,120425 111913,12/04/2027
rm00039,Green Colour (Cream Soda 2154),ZS25051821,07/05/2027
rm00039,Green Colour (Cream Soda 2154),ZS25051907,28/05/2027
rm00039,Green Colour (Cream Soda 2154),ZS25072145,28/07/2027
rm00039,Green Colour (Cream Soda 2154),ZS25082208,12/08/2027
rm00043,Strawberry Flavour DOP 01.02.0029.SD,008985,23/10/2027
rm00043,Strawberry Flavour DOP 01.02.0029.SD,090425 111906,09/04/2027
rm00049,Grape Colour C749,ZS25072146,30/07/2027
rm00049,Grape Colour C749,ZZ211630/09,26/09/2026
rm00049,Grape Colour C749,ZZ215839/03,04/03/2027
rm00049,Grape Colour C749,ZZ216938/04,09/04/2027
rm00052,blackcurrant colour c723/tf,ZS25051822,05/05/2027
rm00052,blackcurrant colour c723/tf,ZS25072058,09/07/2027
rm00052,blackcurrant colour c723/tf,ZS25072084,21/07/2027
rm00052,blackcurrant colour c723/tf,ZS25092379,18/09/2027
rm00062,Sunset Yellow PSU0933,2425650,01/11/2029
rm00062,Sunset Yellow PSU0933,PSY204,25/04/2031
rm00062,Sunset Yellow PSU0933,R23J24 1068,30/07/2029
rm00062,Sunset Yellow PSU0933,RZ3J241068,31/07/2029
rm00066,Flavour Creamsoda - DOP 01.02.0006.SD,010225 111470,01/02/2027
rm00066,Flavour Creamsoda - DOP 01.02.0006.SD,130725 112589,13/07/2027
rm00067,Grape Flavour - DOP 01.03.0045.SD,050425 111920,05/04/2027
rm00067,Grape Flavour - DOP 01.03.0045.SD,141124 110922,14/11/2026
rm00069,jaba combo chn stock ,1643,10/12/2025
rm00069,jaba combo chn stock ,1644,10/12/2025
rm00069,jaba combo chn stock ,1645,10/12/2025
rm00069,jaba combo chn stock ,1820,11/02/2026
rm00069,jaba combo chn stock ,1821,11/02/2026
rm00069,jaba combo chn stock ,1822,12/02/2026
rm00069,jaba combo chn stock ,1823,13/02/2026
rm00069,jaba combo chn stock ,1964,09/03/2026
rm00069,jaba combo chn stock ,2232,10/05/2026
rm00078,Pinenut Yellow C416/TF,2025062308,22/06/2030
rm00078,Pinenut Yellow C416/TF,ZS25041747,09/04/2027
rm00078,Pinenut Yellow C416/TF,ZS25051823,05/05/2027
rm00078,Pinenut Yellow C416/TF,ZS25061934,09/06/2027
rm00078,Pinenut Yellow C416/TF,ZS25061996,22/06/2027
rm00078,Pinenut Yellow C416/TF,ZS25072144,27/07/2027
rm00078,Pinenut Yellow C416/TF,ZS25082195,10/08/2027
rm00078,Pinenut Yellow C416/TF,ZS25082207,11/08/2027
rm00078,Pinenut Yellow C416/TF,ZS25092293,04/09/2027
rm00078,Pinenut Yellow C416/TF,ZS25102481,20/10/2027
rm00079,Flavour Cherry - DOP 01.05.0005.SD,003533,10/09/2027
rm00079,Flavour Cherry - DOP 01.05.0005.SD,013211,18/11/2027
rm00079,Flavour Cherry - DOP 01.05.0005.SD,200425 112009,20/04/2027
rm00079,Flavour Cherry - DOP 01.05.0005.SD,2184,12/11/2027
rm00079,Flavour Cherry - DOP 01.05.0005.SD,2218,03/11/2027
rm00079,Flavour Cherry - DOP 01.05.0005.SD,2269,17/11/2027
rm00086,caramel 606 ,005912,25/09/2027
rm00086,caramel 606 ,210725 112696,21/07/2027
rm00090,Lemonade Flavour 01.A.07.0098.SD,111024 110686,11/10/2026
rm00090,Lemonade Flavour 01.A.07.0098.SD,130325 111727,
rm00090,Lemonade Flavour 01.A.07.0098.SD,130325 111728,13/03/2027
rm00094,Cocopine01.A.01.0028.GD,1471,11/02/2026
rm00094,Cocopine01.A.01.0028.GD,1788,06/08/2026
rm00094,Cocopine01.A.01.0028.GD,2237,11/11/2026
rm00096,Creamsoda Flavr-Conc. 01.02.0021.GD,1546,12/05/2026
RM00096,Creamsoda Flavr-Conc. 01.02.0021.GD,1717,08/07/2026
rm00096,Creamsoda Flavr-Conc. 01.02.0021.GD,1786,05/08/2026
rm00096,Creamsoda Flavr-Conc. 01.02.0021.GD,1791,29/07/2026
rm00096,Creamsoda Flavr-Conc. 01.02.0021.GD,1965,09/09/2026
RM00096,Creamsoda Flavr-Conc. 01.02.0021.GD,2130,16/10/2026
rm00096,Creamsoda Flavr-Conc. 01.02.0021.GD,2234,12/11/2026
rm00097,Raspberry 200ml Keynote 01.07.0003.GD,1400,06/03/2026
rm00097,Raspberry 200ml Keynote 01.07.0003.GD,1659,13/06/2026
rm00097,Raspberry 200ml Keynote 01.07.0003.GD,2186,24/10/2026
RM00098,Tangerine Emulsion 60.06.0033,0001145673,29/10/2025
RM00098,Tangerine Emulsion 60.06.0033,0001276821,17/08/2025
RM00098,Tangerine Emulsion 60.06.0033,0001276821,17/02/2026
rm00103,Ginger Emulsion LQ-024-566-8,TU00103896,15/01/2026
rm00103,Ginger Emulsion LQ-024-566-8,TU00106459,19/05/2026
rm00103,Ginger Emulsion LQ-024-566-8,TU00106675,26/05/2026
rm00103,Ginger Emulsion LQ-024-566-8,TU00108222,06/08/2026
rm00103,Ginger Emulsion LQ-024-566-8,TU00109405,22/09/2026
rm00114,Liquid Cloud 07.06.0022M.SA,2442977,31/10/2026
rm00114,Liquid Cloud 07.06.0022M.SA,2461342,31/10/2026
rm00114,Liquid Cloud 07.06.0022M.SA,2511145,31/12/2026
rm00114,Liquid Cloud 07.06.0022M.SA,2544746,30/01/2027
rm00114,Liquid Cloud 07.06.0022M.SA,2563345,30/04/2027
rm00114,Liquid Cloud 07.06.0022M.SA,2578084,30/04/2027
rm00129,Orange Emulsion QG32283,2476945,31/12/2026
rm00129,Orange Emulsion QG32283,2511146,31/01/2027
rm00129,Orange Emulsion QG32283,ZZ216360/03,20/03/2026
rm00129,Orange Emulsion QG32283,ZZ221333/09,26/09/2026
rm00136,Cloud DOP 01.01.0180.SDJ,002824,17/09/2027
rm00136,Cloud DOP 01.01.0180.SDJ,006270,29/09/2027
rm00136,Cloud DOP 01.01.0180.SDJ,008987,29/10/2027
rm00136,Cloud DOP 01.01.0180.SDJ,130525 112146,13/05/2027
rm00136,Cloud DOP 01.01.0180.SDJ,220225 111625,22/02/2027
rm00148,monosodium glutamate ,J9 20250417,16/04/2028
rm00148,monosodium glutamate ,M25020952-07/2025355,13/02/2028
rm00148,monosodium glutamate ,N10 20250810,09/08/2028
rm00149,ribotide ,CNSC241213,12/12/2029
rm00149,ribotide ,IG2412920,18/12/2027
rm00149,ribotide ,IG2412925,23/12/2027
rm00150,yellow maize starch,PM 010825,12/02/2026
rm00150,yellow maize starch,PM 020625,04/12/2025
rm00150,yellow maize starch,PM 030625,04/12/2025
rm00150,yellow maize starch,PM010325,25/08/2025
rm00150,yellow maize starch,PM010625,04/12/2025
rm00150,yellow maize starch,PM010725,08/01/2026
rm00150,yellow maize starch,PM010925,02/03/2026
rm00150,yellow maize starch,PM040325,25/09/2025
rm00156,onion powder ,FFE/C-31/2025,30/03/2027
rm00156,onion powder ,FFE/L-22/2024,30/12/2026
rm00156,onion powder ,FFE/L-22/2024,31/12/2026
rm00167,Cola Flavour DOP 01.A.34.0013.SD,0011499,29/10/2027
rm00167,Cola Flavour DOP 01.A.34.0013.SD,005906,24/09/2027
rm00167,Cola Flavour DOP 01.A.34.0013.SD,080725 112552,08/07/2026
rm00167,Cola Flavour DOP 01.A.34.0013.SD,112283,29/05/2027
rm00167,Cola Flavour DOP 01.A.34.0013.SD,140725 112587,14/07/2027
rm00167,Cola Flavour DOP 01.A.34.0013.SD,220425 112030,22/04/2027
rm00167,Cola Flavour DOP 01.A.34.0013.SD,290525 112283,29/05/2027
rm00167,Cola Flavour DOP 01.A.34.0013.SD,300125 111438,30/01/2027
rm00168,Pineapple Flv 01.0033.SD,008989,25/10/2027
rm00168,Pineapple Flv 01.0033.SD,170425 112008,17/04/2027
rm00168,Pineapple Flv 01.0033.SD,271024 110819,27/10/2026
rm00179,Gingerbeer Flavour 01.A.29.0044.SD,005910,27/09/2027
rm00179,Gingerbeer Flavour 01.A.29.0044.SD,100425 111915,10/04/2027
rm00182,Frutarom IronBrew Flav 2008028D,131124 110923,13/11/2026
rm00182,Frutarom IronBrew Flav 2008028D,140425 111972,14/04/2027
rm00183,lemon twizz flavour 01.01.0024.sd,005221,20/09/2027
rm00183,lemon twizz flavour 01.01.0024.sd,241024 110796,24/10/2026
rm00230,chocolate brown lake c661/l/s,ZS25031620,04/03/2027
rm00230,chocolate brown lake c661/l/s,ZS25031632,09/03/2027
rm00230,chocolate brown lake c661/l/s,ZS25031700,24/03/2027
rm00230,chocolate brown lake c661/l/s,ZS25051875,18/05/2027
rm00230,chocolate brown lake c661/l/s,ZS25061965,11/06/2027
rm00231,tartrazine lake c681/l/s,LMT4763,29/01/2030
rm00231,tartrazine lake c681/l/s,LT1356,01/04/2031
rm00231,tartrazine lake c681/l/s,ZZ217555/05,05/05/2028
rm00231,tartrazine lake c681/l/s,ZZ217842/05,14/05/2028
RM00232,Bubblegum/Tutti Frutti CJ0001,CJ0001-E20250923,23/09/2026
rm00232,Bubblegum/Tutti Frutti CJ0001,CJ0001-J20250311,11/03/2026
RM00232,Bubblegum/Tutti Frutti CJ0001,CJ0001-J20250707,07/07/2026
rm00232,Bubblegum/Tutti Frutti CJ0001,CJ0001-J20250708,08/07/2026
rm00232,Bubblegum/Tutti Frutti CJ0001,CJ0001-J20251017,17/10/2026
rm00238,DOP Apple Sour flavour M58029,0001254492,16/12/2026
rm00238,DOP Apple Sour flavour M58029,1254492,16/12/2026
rm00239,flavour dop 10g s/berry strawberry 07.03.2008048,0018067544,29/03/2026
rm00243,flavour dop 10g mango m58108 (mane),0001207593,10/09/2026
rm00268,Flavour Cinnamon 050650 TP0551,1008132417,05/11/2026
rm00268,Flavour Cinnamon 050650 TP0551,PJ1566420250130,30/07/2025
rm00268,Flavour Cinnamon 050650 TP0551,PJ1566420250505,05/11/2025
rm00268,Flavour Cinnamon 050650 TP0551,PJ1566420250506,06/02/2026
rm00268,Flavour Cinnamon 050650 TP0551,PJ1566420251007,07/04/2026
rm00268,Flavour Cinnamon 050650 TP0551,PJ1566420251110,10/05/2026
rm00275,Flavour Vanilla SWP1223,PJ1558220250130,30/07/2025
RM00275,Flavour Vanilla SWP1223,PJ1558220251006,06/04/2026
rm00275,Flavour Vanilla SWP1223,Pj1558220251113,13/05/2026
rm00284,grilled beef flavour jaba,1008285079,30/01/2026
rm00285,flavour jaba curry ,1410,10/03/2026
rm00285,flavour jaba curry ,1597,01/06/2026
rm00285,flavour jaba curry ,1730,01/07/2026
rm00285,flavour jaba curry ,1833,11/08/2026
rm00285,flavour jaba curry ,2246,19/11/2026
rm00286,Jaba Shrink Wrap,PO-8244 Shrink,
rm00286,Jaba Shrink Wrap,Po-8670 shrink,
rm00290,Magnasweet MM100F,2025 062308,
rm00290,Magnasweet MM100F,2025022001,19/02/2030
rm00290,Magnasweet MM100F,2025062308,22/06/2030
rm00290,Magnasweet MM100F,21703,26/10/2027
rm00291,Mango Emulsion VJ0002,VJ000220250414,09/10/2025
RM00291,Mango Emulsion VJ0002,VJ000220250630,31/12/2025
RM00291,Mango Emulsion VJ0002,VJ000220250630,30/12/2025
rm00291,Mango Emulsion VJ0002,VJ000220250821,28/02/2026
rm00292,Grape Concentrate 01.01.0045.GD,1550,04/06/2026
rm00292,Grape Concentrate 01.01.0045.GD,1716,11/07/2026
rm00292,Grape Concentrate 01.01.0045.GD,1787,06/08/2026
rm00292,Grape Concentrate 01.01.0045.GD,2038,25/09/2026
rm00292,Grape Concentrate 01.01.0045.GD,2051,25/09/2027
RM00293,TuttiFrutti Conc. 01.01.0012.GD,1332,11/02/2026
rm00293,TuttiFrutti Conc. 01.01.0012.GD,1589,11/06/2026
rm00293,TuttiFrutti Conc. 01.01.0012.GD,1646,11/06/2026
rm00293,TuttiFrutti Conc. 01.01.0012.GD,1789,07/08/2026
RM00293,TuttiFrutti Conc. 01.01.0012.GD,2118,16/10/2026
rm00294,Raspberry M_0055940 Mane,0001145721,23/04/2026
rm00294,Raspberry M_0055940 Mane,0001334704,10/06/2027
rm00295,Beef Flavour (IBZA) 62L20880,2463728,31/05/2026
rm00295,Beef Flavour (IBZA) 62L20880,2488997,30/06/2026
rm00295,Beef Flavour (IBZA) 62L20880,2500373,31/07/2026
rm00295,Beef Flavour (IBZA) 62L20880,2539377,30/09/2026
rm00296,paprika 17.0376,ZS25051870,18/05/2026
rm00296,paprika 17.0376,Zs25072130,23/07/2026
rm00297,turmeric 17.0446,04/1M0604,07/04/2026
rm00297,turmeric 17.0446,605/1M0908,26/05/2026
rm00297,turmeric 17.0446,TURS11125,24/11/2026
rm00298,capsicum,P1.OR/1224,18/12/2026
rm00300,original chicken flavour,2369478,01/11/2025
rm00300,original chicken flavour,2477414,30/06/2026
rm00300,original chicken flavour,2577588,30/11/2026
rm00301,natural vegetables,2461344,30/11/2026
rm00302,chilli mix powder,2462233,30/11/2026
rm00310,yeast extract,412T1605E,08/12/2026
rm00311,umami bodygiver 581385 5cbza,1008322542,05/02/2026
rm00311,umami bodygiver 581385 5cbza,1008352170,20/02/2026
rm00311,umami bodygiver 581385 5cbza,1008660991,07/07/2026
rm00315,passion fruit cj0027,CJ0027-C20250617,17/06/2026
RM00315,passion fruit cj0027,CJ0027-F20250502,25/05/2026
RM00317,Berry Colour 72L0074,2440940,30/03/2026
rm00317,Berry Colour 72L0074,2500579,30/06/2026
RM00318,Berry Flavour 6L20591,2440912,30/01/2027
rm00318,Berry Flavour 6L20591,2500773,30/01/2027
rm00319,Vanillla Flavour 05001 H13161M,1008179461,23/11/2025
rm00319,Vanillla Flavour 05001 H13161M,1008346800,09/02/2026
rm00320,Strawberry Flavour 550024 TP0551,1007905193,24/01/2026
rm00321,Lemonade Flavour 051421 AP99,1008204001,23/05/2026
rm00322,Blueberry Flavour 050119 A70504,1008043170,25/09/2025
rm00322,Blueberry Flavour 050119 A70504,1008043170,26/09/2025
rm00322,Blueberry Flavour 050119 A70504,1008369520,20/02/2026
rm00323,Banoffee Flavour HPL03191-01,2512033,31/07/2026
rm00323,Banoffee Flavour HPL03191-01,2563590,31/07/2026
rmamimangoflavorespr,mango flavor espray 01.a.02.0085.sd,008990,24/10/2027
rmamlgoflavmango2,mango flavor powder01.02.00.38.sd,008990,24/10/2027
RMAMLGOFLAWATERMELON,Watermelon DEV.01.A.D2.0384.SD.J,008986,19/10/2027
rmamlgosucralose,sucralose,S202501067,29/01/2027
rmamlgosucralose,sucralose,S202505047,20/05/2027
rmkremnodaplabog750,kremela 24x375g corros kr122,739393,
rmkremnodaplabog750,kremela 24x375g corros kr122,743148,
rmkremnodapladisg750,kremela 750g displays kr122,50296,
rmkremnodaplapo375g,kremela 375g pouch reels-KR122,624707,27/06/2026
rmnoda25kg,non dairy 30% creamer 25kg,25050879,07/11/2026
rmnoda25kg,non dairy 30% creamer 25kg,25062239,21/12/2026
sspcr15g,sunny stock powder corro,727660,
sspcr15g,sunny stock powder corro,732412,
sspcr15g,sunny stock powder corro,741484,
sspdsp15g,sunny stock powder display,8561,
ssppirosil,sunny stock powder pirosil,421350,18/02/2028
ssppmx,sunny stock powder premix chicken - 0726ufcb72615,0017840192,13/07/2025
ssppmx,sunny stock powder premix chicken - 0726ufcb72615,0018636160,15/02/2026
ssppmx,sunny stock powder premix chicken - 0726ufcb72615,0018636241,15/02/2026
ssppmx,sunny stock powder premix chicken - 0726ufcb72615,0018636294,15/02/2026
ssprl15g,sunny stock powder impressions,34821,
ssprl15g,sunny stock powder impressions,39701,
stigicsgr,icing sugar,100SZ,10/10/2026
stigicsgr,icing sugar,16/03/2025,16/03/2027
stigicsgr,icing sugar,SZ099,09/10/2026
stigicsgr,icing sugar,SZ100,10/10/2026
stigvitpmx,vitamin premix univit 3202c,25D158,30/03/2026
stigvitpmx,vitamin premix univit 3202c,25G064,30/06/2026
stse127mm,127mm steel ends,EM13154,
stse127mm,127mm steel ends,EM13168,
stse127mm,127mm steel ends,EM13187,
stse127mm,127mm steel ends,Em13206-010,
stse127mm,127mm steel ends,EM13213,
stse127mm,127mm steel ends,EM13233,
stse127mm,127mm steel ends,Em13233-006,
stse127mm,127mm steel ends,Em13233-010,
stse153mmp,153mm peel off ends,103CP24040355,09/07/2025
stse153mmp,153mm peel off ends,103CP24080310,
stse153mmp,153mm peel off ends,S10224080043,
stse153mmp,153mm peel off ends,S10225060026,
stse189mmp,189mm steel ends,QC-025-02-2025,
stse99mm,99mm steel ends,EM13126,
stse99mm,99mm steel ends,EM13134,
stse99mm,99mm steel ends,EM13169,
stse99mm,99mm steel ends,EM13214,
stse99mm,99mm steel ends,EM13241,
stse99mm,99mm steel ends,EM13255,
stse99mm,99mm steel ends,EM13284,
stse99mm,99mm steel ends,EM13336,
stse99mm,99mm steel ends,EM13369,
twvanflv,vanilla flavour sc515851,0018711455,04/09/2026
twvit,univit 5218,25H098,31/07/2026
